<?xml version="1.0" encoding="UTF-8"?>
<extensions>
  <extension>
    <groupId>io.takari.aether</groupId>
    <artifactId>takari-local-repository</artifactId>
    <version>0.11.3</version>
  </extension>
  <extension>
    <groupId>io.takari</groupId>
    <artifactId>takari-filemanager</artifactId>
    <version>0.8.3</version>
  </extension>
  <extension>
    <groupId>io.takari.maven</groupId>
    <artifactId>takari-smart-builder</artifactId>
     <version>0.6.1</version>
  </extension>
</extensions>